{
    "text": {
        "text": " How you can check up a URL is safe. Go to Google and type transparency report. You can enter. Click this first one. We're going to go to Google safe browsing. Site status. And here you can enter the URL. Stay safe, follow for more.",
        "segments": [
            {
                "id": 0,
                "seek": 0,
                "start": 0.0,
                "end": 5.0,
                "text": " How you can check up a URL is safe. Go to Google and type transparency report.",
                "tokens": [
                    50364,
                    1012,
                    291,
                    393,
                    1520,
                    493,
                    257,
                    12905,
                    307,
                    3273,
                    13,
                    1037,
                    281,
                    3329,
                    293,
                    2010,
                    17131,
                    2275,
                    13,
                    50614
                ],
                "temperature": 0.0,
                "avg_logprob": -0.2551652789115906,
                "compression_ratio": 1.4259259259259258,
                "no_speech_prob": 0.05168376490473747
            },
            {
                "id": 1,
                "seek": 0,
                "start": 5.0,
                "end": 10.0,
                "text": " You can enter. Click this first one. We're going to go to Google safe browsing.",
                "tokens": [
                    50614,
                    509,
                    393,
                    3242,
                    13,
                    8230,
                    341,
                    700,
                    472,
                    13,
                    492,
                    434,
                    516,
                    281,
                    352,
                    281,
                    3329,
                    3273,
                    38602,
                    13,
                    50864
                ],
                "temperature": 0.0,
                "avg_logprob": -0.2551652789115906,
                "compression_ratio": 1.4259259259259258,
                "no_speech_prob": 0.05168376490473747
            },
            {
                "id": 2,
                "seek": 0,
                "start": 10.0,
                "end": 13.0,
                "text": " Site status. And here you can enter the URL.",
                "tokens": [
                    50864,
                    34027,
                    6558,
                    13,
                    400,
                    510,
                    291,
                    393,
                    3242,
                    264,
                    12905,
                    13,
                    51014
                ],
                "temperature": 0.0,
                "avg_logprob": -0.2551652789115906,
                "compression_ratio": 1.4259259259259258,
                "no_speech_prob": 0.05168376490473747
            },
            {
                "id": 3,
                "seek": 0,
                "start": 13.0,
                "end": 15.0,
                "text": " Stay safe, follow for more.",
                "tokens": [
                    51014,
                    8691,
                    3273,
                    11,
                    1524,
                    337,
                    544,
                    13,
                    51114
                ],
                "temperature": 0.0,
                "avg_logprob": -0.2551652789115906,
                "compression_ratio": 1.4259259259259258,
                "no_speech_prob": 0.05168376490473747
            }
        ],
        "language": "en"
    }
}